YEAR,COUNTYFIPS,COUNTY,STATE,lon,lat,ACS_TOT_CIVIL_EMPLOY_POP,ACS_PCT_GRANDP_NO_RESPS,ACS_PCT_INC50_ABOVE65,ACS_PCT_INC50_BELOW17,ACS_PCT_HEALTH_INC_BELOW137,ACS_PCT_HEALTH_INC_138_199,ACS_PCT_HEALTH_INC_200_399,ACS_PCT_HEALTH_INC_ABOVE400,ACS_PCT_HH_PUB_ASSIST,ACS_PCT_COLLEGE_ASSOCIATE_DGR,ACS_PCT_BACHELOR_DGR,ACS_PCT_NO_WORK_NO_SCHL_16_19,ACS_PCT_GRADUATE_DGR,ACS_PCT_HS_GRADUATE,ACS_PCT_LT_HS,ACS_PCT_POSTHS_ED,ACS_PCT_UNINSURED,HIFLD_MIN_DIST_UC,POS_MIN_DIST_ED,POS_MIN_DIST_ALC,albumin_urine,bun,creatinine_serum,creatinine_urine,color_ACS_PCT_HH_PUB_ASSIST,color_ACS_TOT_CIVIL_EMPLOY_POP,color_ACS_PCT_LT_HS,color_ACS_PCT_UNINSURED,color_HIFLD_MIN_DIST_UC,color_ACS_PCT_GRANDP_NO_RESPS,color_albu_urine,color_bun,color_crea_serum,color_crea_urine
2020,72001,Adjuntas,Puerto Rico,-66.75,18.175,3837.0,55.24,21.9,47.53,76.52,10.75,11.39,1.34,56.02,20.56,13.82,2.63,2.43,28.2,34.99,36.81,6.51,7.18,4.08,11.34,21.32915133724723,17.366096256684493,0.971246303337558,125.81030701754386,15724021,5515151,16579581,12369372,10394312,8420794,"rgb(146,46,3)","rgb(241,105,19)","rgb(146,46,3)","rgb(253,141,60)"
2020,72003,Aguada,Puerto Rico,-67.175,18.365,10960.0,47.72,12.97,34.39,62.89,16.78,15.72,4.61,52.73,19.17,15.54,0.78,5.0,26.19,34.1,39.7,5.62,5.09,2.66,21.03,14.484002043596732,17.533811780636427,0.9103090943254416,113.46023765996344,13356003,12369372,16579581,9407425,7694254,5515151,"rgb(217,72,1)","rgb(229,88,10)","rgb(253,141,60)","rgb(254,219,184)"
2020,72005,Aguadilla,Puerto Rico,-67.115,18.465,13709.0,65.39,16.11,48.78,62.4,13.0,18.26,6.34,47.07,20.44,17.08,1.23,6.85,29.62,26.0,44.38,5.16,0.61,0.61,26.96,7.459676007005255,17.773808545603945,0.9454694736842104,120.64862470862472,9407425,15000560,11381714,7694254,4787846,13356003,"rgb(253,208,162)","rgb(217,72,1)","rgb(191,63,2)","rgb(253,208,162)"
2020,72007,Aguas Buenas,Puerto Rico,-66.13,18.25,8278.0,72.38,14.71,38.15,57.38,21.32,17.02,4.29,47.97,22.75,14.5,0.0,2.89,32.57,27.28,40.14,7.65,4.06,4.04,3.93,8.161645951035783,16.848390062111804,0.9246449704142012,109.32483766233769,9407425,10394312,13356003,15000560,6967715,15724021,"rgb(253,191,134)","rgb(253,174,107)","rgb(241,105,19)","rgb(255,237,220.5)"
2020,72009,Aibonito,Puerto Rico,-66.255,18.135,7010.0,59.03,12.36,31.31,61.16,17.24,16.56,5.05,46.58,19.99,15.22,1.9,7.79,35.4,21.6,43.0,4.27,0.35,0.16,0.16,5.466233333333334,18.709898989898992,0.91429483459083,110.84897435897436,8420794,8420794,6241433,5515151,4128893,11381714,"rgb(255,237,220.5)","rgb(146,46,3)","rgb(247,123,39)","rgb(255,237,220.5)"
2020,72013,Arecibo,Puerto Rico,-66.67,18.42,23353.0,67.44,14.18,36.64,61.19,17.37,17.39,4.05,49.64,23.99,18.2,2.15,5.66,29.61,22.54,47.85,6.22,8.17,0.07,24.58,16.000999415478137,18.75077247050172,1.0375723200836178,121.93140809011776,11381714,16119033,7694254,11381714,11381714,15000560,"rgb(191,63,2)","rgb(127,39,4)","rgb(127,39,4)","rgb(253,191,134)"
2020,72015,Arroyo,Puerto Rico,-66.05,17.98,3727.0,78.82,10.6,53.1,66.6,16.84,13.97,2.59,54.99,22.41,15.68,0.0,3.02,35.4,23.49,41.11,3.97,14.95,0.64,12.23,24.64409653916212,16.01723014256619,0.9020054570259208,125.90691699604744,15000560,5515151,8420794,4787846,15724021,16119033,"rgb(146,46,3)","rgb(254,230,206)","rgb(253,174,107)","rgb(247,123,39)"
2020,72011,Añasco,Puerto Rico,-67.12,18.29,8260.0,50.59,12.66,30.24,60.86,15.16,20.17,3.81,52.24,20.32,13.49,1.51,3.52,30.94,31.72,37.33,4.54,10.73,4.94,17.63,0.0,0.0,0.0,0.0,13356003,9407425,16119033,6241433,13356003,6967715,"rgb(255,245,235)","rgb(255,245,235)","rgb(255,245,235)","rgb(255,245,235)"
2020,72017,Barceloneta,Puerto Rico,-66.56,18.45,6641.0,63.88,11.68,44.4,61.79,14.06,20.97,3.18,47.79,19.18,17.79,4.76,4.68,31.93,26.42,41.64,5.93,4.02,4.02,25.51,12.564707098937957,16.904285390713476,0.929301215277778,143.45705426356588,9407425,7694254,12369372,9407425,6241433,13356003,"rgb(217,72,1)","rgb(253,157,83)","rgb(229,88,10)","rgb(127,39,4)"
2020,72019,Barranquitas,Puerto Rico,-66.305,18.2,7417.0,53.96,22.66,45.1,67.78,12.84,16.05,3.33,54.02,24.61,14.81,3.62,5.05,29.29,26.25,44.46,4.17,4.31,4.52,4.52,6.67493157460841,16.9573968376398,0.8498121730860675,123.74932515337424,15000560,8420794,12369372,5515151,6967715,7694254,"rgb(254,219,184)","rgb(253,157,83)","rgb(255,237,220.5)","rgb(253,157,83)"
2020,72021,Bayamón,Puerto Rico,-66.165,18.35,63810.0,56.38,10.86,31.48,46.2,17.07,26.68,10.05,31.59,28.62,21.39,2.92,7.88,23.86,18.25,57.89,8.16,2.36,0.08,0.2,9.769815326381098,17.28882345434824,0.89873984780859,122.36924496898168,4787846,16579581,4787846,15724021,6241433,9407425,"rgb(247,123,39)","rgb(247,123,39)","rgb(253,174,107)","rgb(253,174,107)"
2020,72023,Cabo Rojo,Puerto Rico,-67.145,18.03,13634.0,51.11,22.46,39.96,66.48,12.6,16.54,4.38,40.03,20.04,19.56,2.97,6.25,25.67,28.48,45.86,4.98,22.29,0.72,0.72,6.1992601106594405,17.85425338883552,0.9228401748384644,111.07502104630188,5515151,15000560,15000560,6967715,16579581,7694254,"rgb(254,230,206)","rgb(191,63,2)","rgb(241,105,19)","rgb(254,230,206)"
2020,72025,Caguas,Puerto Rico,-66.05,18.225,45594.0,49.69,11.37,30.6,47.73,16.37,25.3,10.6,37.12,23.33,22.93,1.34,9.7,26.68,17.36,55.96,6.81,0.17,0.17,3.89,5.240023658395846,17.37949702789209,0.9219595251600357,98.93745264532984,5515151,16579581,4787846,13356003,4128893,6967715,"rgb(255,237,220.5)","rgb(229,88,10)","rgb(247,123,39)","rgb(255,237,220.5)"
2020,72027,Camuy,Puerto Rico,-66.865,18.425,9257.0,42.88,13.78,39.23,61.84,14.38,19.02,4.76,51.19,25.99,15.9,0.0,5.67,24.97,27.48,47.56,5.38,16.73,7.24,28.86,6.476930878552972,19.91848289315726,1.0575669191919193,113.18781201848998,12369372,11381714,13356003,8420794,16119033,4787846,"rgb(254,230,206)","rgb(127,39,4)","rgb(127,39,4)","rgb(254,219,184)"
2020,72029,Canóvanas,Puerto Rico,-65.885,18.33,14698.0,83.32,10.23,31.77,55.27,16.55,18.74,9.45,47.27,21.97,16.44,4.5,7.47,30.25,23.86,45.89,11.29,0.24,4.75,11.84,11.193220395840324,16.99128991859737,0.8880324623911322,132.98408069883527,9407425,15000560,8420794,16579581,4128893,16579581,"rgb(241,105,19)","rgb(253,157,83)","rgb(253,208,162)","rgb(217,72,1)"
2020,72031,Carolina,Puerto Rico,-65.955,18.385,57707.0,62.87,9.43,26.41,42.78,18.78,28.1,10.33,29.61,26.86,24.11,3.96,9.05,26.02,13.96,60.02,8.28,1.27,0.32,4.97,12.279690352762676,16.274845808102878,0.8871767886200199,122.61746098915631,4128893,16579581,4128893,15724021,5515151,12369372,"rgb(229,88,10)","rgb(254,219,184)","rgb(254,219,184)","rgb(253,174,107)"
2020,72033,Cataño,Puerto Rico,-66.145,18.435,7525.0,50.44,16.58,45.71,57.73,14.87,17.82,9.58,45.36,22.42,13.83,4.69,6.54,32.87,24.34,42.78,7.5,5.6,2.19,2.28,14.645995623632386,16.775494211932322,0.9061080332409972,122.41681440443212,7694254,9407425,9407425,15000560,8420794,6967715,"rgb(191,63,2)","rgb(253,191,134)","rgb(253,157,83)","rgb(253,174,107)"
2020,72035,Cayey,Puerto Rico,-66.145,18.105,13357.0,64.81,10.79,33.7,53.1,14.66,23.49,8.75,37.63,19.97,18.99,1.32,7.23,31.5,22.31,46.2,7.07,4.7,0.39,2.65,9.696931791889345,18.22085629057729,0.9564286312264546,125.94655870445344,5515151,14342891,6967715,14342891,6967715,13356003,"rgb(253,141,60)","rgb(166,54,3)","rgb(191,63,2)","rgb(247,123,39)"
2020,72037,Ceiba,Puerto Rico,-65.66,18.245,3356.0,29.17,14.68,25.57,60.01,22.92,11.82,5.26,45.72,23.29,16.04,0.0,3.6,31.04,26.03,42.93,5.23,17.08,3.84,29.96,8.702062440870389,17.43105359317905,0.8963530408984955,128.05862903225807,8420794,4787846,11381714,7694254,16119033,4128893,"rgb(253,191,134)","rgb(229,88,10)","rgb(253,191,134)","rgb(241,105,19)"
2020,72039,Ciales,Puerto Rico,-66.515,18.3,3674.0,72.89,20.31,33.24,68.43,18.27,10.84,2.46,57.32,23.47,12.36,2.82,3.19,29.89,31.09,39.02,4.25,6.38,6.38,18.0,10.422283508338484,17.7506107275624,0.9195315141270224,126.38632653061224,16579581,4787846,16119033,5515151,9407425,16119033,"rgb(247,123,39)","rgb(217,72,1)","rgb(247,123,39)","rgb(247,123,39)"
2020,72041,Cidra,Puerto Rico,-66.16,18.18,11746.0,48.92,17.32,27.56,59.69,16.24,17.99,6.08,41.41,21.58,16.71,2.07,7.7,31.26,22.76,45.99,5.33,4.92,2.62,0.51,6.914688259109313,17.350244231093143,0.9141753786028334,115.26368700265252,6241433,14342891,7694254,8420794,7694254,6241433,"rgb(253,208,162)","rgb(241,105,19)","rgb(247,123,39)","rgb(254,219,184)"
2020,72043,Coamo,Puerto Rico,-66.355,18.1,11412.0,57.68,15.23,37.58,60.23,15.68,19.3,4.79,48.1,19.0,16.3,0.0,4.68,38.94,21.08,39.98,4.19,5.23,5.25,5.25,17.112465826466313,16.992150655021835,0.9144247389268996,140.97264462809918,10394312,13356003,5515151,5515151,7694254,9407425,"rgb(191,63,2)","rgb(253,141,60)","rgb(247,123,39)","rgb(146,46,3)"
2020,72045,Comerío,Puerto Rico,-66.215,18.23,5355.0,78.13,25.58,40.79,70.0,16.04,12.53,1.43,57.83,31.48,11.87,1.51,2.61,25.03,29.01,45.96,6.24,5.95,6.23,4.31,13.905932806324111,16.64585401459854,0.8738835877862596,120.97199999999998,16579581,6241433,15000560,11381714,8420794,16119033,"rgb(217,72,1)","rgb(253,208,162)","rgb(254,230,206)","rgb(253,191,134)"
2020,72047,Corozal,Puerto Rico,-66.325,18.31,8576.0,68.77,21.92,41.99,63.06,14.79,20.13,2.02,56.67,23.57,15.88,2.27,5.02,27.05,28.48,44.47,5.94,10.12,8.12,8.73,13.954053738317755,15.966686746987952,0.8695595238095238,124.52796833773088,16119033,10394312,15000560,10394312,12369372,15000560,"rgb(217,72,1)","rgb(254,230,206)","rgb(254,230,206)","rgb(253,141,60)"
2020,72049,Culebra,Puerto Rico,-65.285,18.32,619.0,26.0,4.48,0.0,45.76,31.32,16.07,6.85,23.15,25.36,15.68,0.0,2.04,34.62,22.3,43.08,12.62,35.42,19.28,48.56,9.432666666666668,15.839448275862068,0.8434567901234569,112.448125,4128893,4128893,6967715,16579581,16579581,4128893,"rgb(253,157,83)","rgb(255,237,220.5)","rgb(255,237,220.5)","rgb(254,230,206)"
2020,72051,Dorado,Puerto Rico,-66.265,18.435,11703.0,50.75,13.53,24.82,44.54,12.28,25.87,17.31,33.56,21.96,20.9,4.46,10.26,27.76,19.11,53.12,5.83,11.81,6.64,8.35,11.268057471264369,16.414730130486358,0.8799294661315822,120.9408545034642,4787846,13356003,5515151,9407425,13356003,7694254,"rgb(229,88,10)","rgb(253,208,162)","rgb(254,219,184)","rgb(253,191,134)"
2020,72053,Fajardo,Puerto Rico,-65.675,18.32,9634.0,26.2,11.48,43.61,60.12,17.06,17.81,5.01,43.27,20.33,21.23,5.82,6.35,33.36,18.73,47.91,8.46,15.69,0.15,28.93,10.399379844961242,17.542138157894737,0.893791569086651,133.22149346180316,6967715,11381714,5515151,16119033,16119033,4128893,"rgb(247,123,39)","rgb(217,72,1)","rgb(253,208,162)","rgb(217,72,1)"
2020,72054,Florida,Puerto Rico,-66.56,18.37,3545.0,74.76,8.88,49.43,67.73,13.29,17.16,1.82,55.6,26.43,12.97,0.0,3.12,34.84,22.65,42.51,3.91,6.14,6.14,23.75,0.0,0.0,0.0,0.0,15724021,4787846,7694254,4787846,9407425,16119033,"rgb(255,245,235)","rgb(255,245,235)","rgb(255,245,235)","rgb(255,245,235)"
2020,72057,Guayama,Puerto Rico,-66.13,18.0,9543.0,69.78,14.11,44.66,61.31,16.6,17.54,4.55,53.05,17.31,16.13,0.0,5.92,37.8,22.84,39.36,6.29,12.77,0.13,10.36,8.65595297932712,16.379907844718353,0.896488848011037,126.9974765100671,14342891,11381714,8420794,11381714,15000560,15000560,"rgb(253,191,134)","rgb(254,219,184)","rgb(253,191,134)","rgb(247,123,39)"
2020,72059,Guayanilla,Puerto Rico,-66.79,18.04,4481.0,53.38,12.72,37.55,67.64,16.9,14.83,0.63,51.74,21.04,19.22,0.0,5.37,31.53,22.84,45.63,3.56,0.48,3.77,11.03,12.503307692307692,17.96181781620752,0.9449758963543236,137.24718137254902,12369372,5515151,8420794,4128893,4787846,7694254,"rgb(229,88,10)","rgb(166,54,3)","rgb(217,72,1)","rgb(166,54,3)"
2020,72061,Guaynabo,Puerto Rico,-66.115,18.345,34924.0,46.73,8.34,19.15,35.0,13.04,26.48,25.49,22.49,22.79,29.01,2.49,16.91,16.81,14.49,68.71,6.91,0.48,0.1,0.44,10.582474554294976,17.316781718963167,0.906173123641478,112.9578112712975,4128893,16119033,4128893,13356003,4787846,5515151,"rgb(241,105,19)","rgb(247,123,39)","rgb(253,157,83)","rgb(254,219,184)"
2020,72063,Gurabo,Puerto Rico,-65.97,18.26,18011.0,58.47,9.84,23.35,37.99,19.08,28.08,14.85,31.28,23.64,22.04,4.64,11.33,24.94,18.06,57.0,8.08,2.26,2.22,10.35,5.402462732919255,16.689132118777795,0.8943637660485021,127.3928680981595,4787846,15724021,4787846,15724021,6241433,10394312,"rgb(255,237,220.5)","rgb(253,191,134)","rgb(253,208,162)","rgb(241,105,19)"
2020,72055,Guánica,Puerto Rico,-66.91,17.99,3070.0,66.03,23.12,53.5,77.17,11.72,10.21,0.9,57.57,17.76,12.51,9.64,3.24,35.93,30.56,33.51,4.17,6.74,3.52,15.41,18.24483913934426,17.79724312184166,0.9579385810095306,127.18651515151517,16579581,4787846,15724021,5515151,10394312,14342891,"rgb(166,54,3)","rgb(191,63,2)","rgb(166,54,3)","rgb(241,105,19)"
2020,72065,Hatillo,Puerto Rico,-66.8,18.42,12681.0,63.06,17.45,30.09,58.64,15.09,21.14,5.13,50.33,24.64,19.61,0.0,7.3,23.0,25.45,51.55,6.65,19.79,3.66,26.47,10.042560146923783,19.00721548650025,1.0421040142376905,121.98337133550488,11381714,14342891,10394312,12369372,16579581,12369372,"rgb(247,123,39)","rgb(127,39,4)","rgb(127,39,4)","rgb(253,191,134)"
2020,72067,Hormigueros,Puerto Rico,-67.11,18.135,4953.0,62.61,8.51,31.75,59.37,12.61,24.71,3.31,41.63,22.21,18.65,1.92,5.3,31.32,22.52,46.16,3.94,20.99,3.3,8.06,0.0,0.0,0.0,0.0,6241433,6241433,7694254,4787846,16579581,12369372,"rgb(255,245,235)","rgb(255,245,235)","rgb(255,245,235)","rgb(255,245,235)"
2020,72069,Humacao,Puerto Rico,-65.81,18.14,15221.0,54.78,9.6,32.58,56.52,16.94,18.48,8.06,40.4,22.25,17.38,1.38,6.9,32.74,20.73,46.53,4.39,13.17,0.39,19.35,10.53882372881356,17.310413181242076,0.936739541382428,129.82162217659138,5515151,15724021,5515151,6241433,15000560,8420794,"rgb(241,105,19)","rgb(247,123,39)","rgb(217,72,1)","rgb(229,88,10)"
2020,72071,Isabela,Puerto Rico,-67.0,18.46,11196.0,71.86,22.22,39.83,66.5,15.71,13.71,4.08,46.93,19.31,17.35,1.62,6.67,27.65,29.01,43.34,6.03,5.43,5.43,30.31,8.159345300261098,16.929559633027523,0.9379476621831824,124.05613452188004,8420794,13356003,15000560,10394312,7694254,15724021,"rgb(253,191,134)","rgb(253,157,83)","rgb(217,72,1)","rgb(253,141,60)"
2020,72073,Jayuya,Puerto Rico,-66.585,18.2,3320.0,93.23,21.99,47.12,73.97,13.7,9.99,2.35,63.3,19.56,14.48,0.0,5.95,37.65,22.36,39.99,6.96,12.92,7.9,12.61,42.5365,17.019787338059153,0.9558377853326856,139.25368883312422,16579581,4787846,7694254,13356003,15000560,16579581,"rgb(127,39,4)","rgb(253,141,60)","rgb(191,63,2)","rgb(146,46,3)"
2020,72075,Juana Díaz,Puerto Rico,-66.485,18.04,13818.0,66.13,14.51,32.23,59.86,18.71,17.31,4.12,53.69,19.51,20.21,2.29,5.53,32.52,22.22,45.26,5.32,5.55,1.87,5.31,19.63560757496055,17.379024314214465,0.9242780707788734,130.4077971014493,14342891,15000560,6967715,7694254,8420794,14342891,"rgb(166,54,3)","rgb(229,88,10)","rgb(241,105,19)","rgb(229,88,10)"
2020,72077,Juncos,Puerto Rico,-65.905,18.225,12588.0,49.28,19.04,35.96,56.7,16.0,23.94,3.37,45.72,26.85,15.21,3.84,4.87,27.58,25.49,46.93,9.77,6.85,5.94,14.54,8.745148852657007,17.10980158247109,0.9480170731707316,134.94726525821596,8420794,14342891,10394312,16579581,10394312,6241433,"rgb(253,174,107)","rgb(247,123,39)","rgb(191,63,2)","rgb(191,63,2)"
2020,72079,Lajas,Puerto Rico,-67.035,18.01,5553.0,80.28,17.35,43.92,73.33,13.42,10.87,2.39,53.26,21.16,13.24,9.05,3.56,28.22,33.82,37.96,4.76,12.9,2.82,6.06,9.67503550295858,16.671386036960985,0.9352327746741156,133.6160344827586,14342891,6967715,16119033,6241433,15000560,16579581,"rgb(253,141,60)","rgb(253,191,134)","rgb(217,72,1)","rgb(191,63,2)"
2020,72081,Lares,Puerto Rico,-66.86,18.275,6703.0,62.91,23.33,39.49,71.28,12.84,12.97,2.91,58.64,21.96,14.66,0.63,4.1,24.98,34.3,40.72,5.94,12.49,1.59,19.45,24.88398608590441,18.47678511404562,1.009917944288491,136.87733298264072,16579581,7694254,16579581,10394312,14342891,12369372,"rgb(146,46,3)","rgb(146,46,3)","rgb(146,46,3)","rgb(166,54,3)"
2020,72083,Las Marías,Puerto Rico,-66.98,18.235,2189.0,47.23,20.05,53.69,62.51,22.73,14.24,0.52,51.82,11.47,15.15,0.0,2.0,35.31,36.07,28.62,2.96,16.38,5.83,18.09,0.0,0.0,0.0,0.0,13356003,4128893,16579581,4128893,16119033,5515151,"rgb(255,245,235)","rgb(255,245,235)","rgb(255,245,235)","rgb(255,245,235)"
2020,72085,Las Piedras,Puerto Rico,-65.865,18.185,11009.0,47.2,18.28,23.48,53.6,20.33,18.02,8.06,45.02,30.37,17.47,2.15,6.49,24.45,21.22,54.33,6.94,10.32,2.17,16.58,33.80983480662984,16.460317235805213,0.9078042911570082,133.65854214123007,7694254,13356003,6241433,13356003,12369372,5515151,"rgb(127,39,4)","rgb(253,208,162)","rgb(253,141,60)","rgb(191,63,2)"
2020,72087,Loíza,Puerto Rico,-65.89,18.42,7455.0,75.14,20.79,44.2,65.35,13.87,17.15,3.62,52.56,20.31,13.59,5.84,2.4,39.28,24.42,36.3,9.39,2.01,4.11,10.0,8.754301412872843,16.163141237600378,0.8948283649503163,143.47389140271494,13356003,9407425,9407425,16119033,5515151,16119033,"rgb(253,174,107)","rgb(254,219,184)","rgb(253,191,134)","rgb(127,39,4)"
2020,72089,Luquillo,Puerto Rico,-65.72,18.35,5680.0,48.33,14.95,32.89,56.69,20.4,19.32,3.59,45.21,22.57,16.3,7.02,5.39,34.34,21.39,44.27,8.71,10.55,3.62,23.78,10.742953125,16.778661567877627,0.9036075770426916,143.4722111269615,7694254,6967715,6241433,16119033,13356003,6241433,"rgb(241,105,19)","rgb(253,174,107)","rgb(253,157,83)","rgb(127,39,4)"
2020,72091,Manatí,Puerto Rico,-66.49,18.43,10587.0,66.55,19.29,37.37,59.77,15.54,19.37,5.32,41.59,21.46,17.81,5.79,5.62,29.66,25.46,44.88,7.94,0.27,0.27,19.78,6.649529187124933,16.740510364321608,0.8998527593570866,126.92334020618556,6241433,12369372,10394312,15000560,4128893,15000560,"rgb(254,219,184)","rgb(253,191,134)","rgb(253,174,107)","rgb(247,123,39)"
2020,72093,Maricao,Puerto Rico,-66.95,18.175,1406.0,89.55,19.47,67.55,75.12,17.64,6.56,0.68,56.91,13.57,7.37,3.06,3.77,29.43,45.86,24.71,3.27,14.46,5.61,16.3,6.2038,16.661749999999998,0.9027865612648222,145.62082352941178,16119033,4128893,16579581,4128893,15724021,16579581,"rgb(254,230,206)","rgb(253,191,134)","rgb(253,157,83)","rgb(127,39,4)"
2020,72095,Maunabo,Puerto Rico,-65.9,18.01,2282.0,41.84,6.09,33.44,57.26,23.62,16.84,2.27,49.29,26.73,14.38,3.97,3.01,29.35,26.53,44.12,7.39,15.95,8.0,17.34,5.321366906474822,15.852150000000002,0.8493032786885245,137.3406611570248,11381714,4128893,13356003,14342891,16119033,4787846,"rgb(255,237,220.5)","rgb(255,237,220.5)","rgb(255,237,220.5)","rgb(166,54,3)"
2020,72097,Mayagüez,Puerto Rico,-67.11,18.21,18057.0,62.35,15.99,52.87,64.88,12.98,16.13,6.01,47.41,17.33,18.66,3.22,8.98,26.99,28.05,44.97,5.01,14.47,0.13,9.94,6.677833125778331,17.988479012345678,0.9490900606626226,144.3478466557912,9407425,15724021,14342891,7694254,15724021,11381714,"rgb(254,219,184)","rgb(166,54,3)","rgb(191,63,2)","rgb(127,39,4)"
2020,72099,Moca,Puerto Rico,-67.075,18.385,9988.0,86.38,24.69,43.93,64.96,13.52,17.16,4.36,55.53,17.87,15.48,3.77,5.84,30.97,29.85,39.18,4.95,4.24,0.43,22.56,7.101401872175599,17.097070481998358,0.933757225433526,128.11139009556905,15724021,12369372,15724021,6967715,6967715,16579581,"rgb(253,208,162)","rgb(247,123,39)","rgb(229,88,10)","rgb(241,105,19)"
2020,72101,Morovis,Puerto Rico,-66.415,18.325,9223.0,48.19,14.18,29.54,60.91,16.49,19.59,3.01,56.18,26.1,14.13,7.12,2.96,29.95,26.86,43.2,6.06,5.7,5.7,14.52,19.06256709265176,15.652259220231825,0.8660730847709145,130.8367473118279,15724021,11381714,13356003,11381714,8420794,6241433,"rgb(166,54,3)","rgb(255,237,220.5)","rgb(254,230,206)","rgb(229,88,10)"
2020,72103,Naguabo,Puerto Rico,-65.76,18.225,6720.0,66.07,6.73,39.95,67.75,18.45,12.04,1.76,50.1,18.11,16.5,0.0,5.28,35.06,25.05,39.89,7.05,12.39,5.26,23.0,9.744288913773795,16.446741479634248,0.894887983706721,122.58745011086476,11381714,7694254,9407425,14342891,13356003,14342891,"rgb(253,141,60)","rgb(253,208,162)","rgb(253,191,134)","rgb(253,174,107)"
2020,72105,Naranjito,Puerto Rico,-66.25,18.285,7217.0,53.19,14.36,34.99,61.48,14.41,20.65,3.46,54.7,30.31,14.01,0.0,2.99,24.55,28.14,47.31,4.82,7.84,4.51,4.51,9.42788778550149,16.892852584556476,0.8762023886378308,120.23783938814532,15000560,8420794,14342891,6967715,10394312,7694254,"rgb(253,157,83)","rgb(253,174,107)","rgb(254,219,184)","rgb(253,208,162)"
2020,72107,Orocovis,Puerto Rico,-66.425,18.22,4725.0,58.6,21.66,45.1,69.26,17.52,10.96,2.26,57.02,19.9,13.33,6.75,3.36,32.15,31.26,36.59,4.05,8.39,8.54,8.54,0.0,0.0,0.0,0.0,16119033,6241433,16119033,4787846,11381714,10394312,"rgb(255,245,235)","rgb(255,245,235)","rgb(255,245,235)","rgb(255,245,235)"
2020,72109,Patillas,Puerto Rico,-66.005,18.02,4125.0,44.12,19.67,38.08,65.15,15.04,16.69,3.13,54.65,29.24,11.98,9.35,6.1,28.66,24.03,47.31,6.62,13.3,3.16,11.87,8.810495135688685,15.884280855199222,0.8515662067296055,131.1540733197556,15000560,5515151,9407425,12369372,15000560,4787846,"rgb(253,174,107)","rgb(254,230,206)","rgb(255,237,220.5)","rgb(229,88,10)"
2020,72111,Peñuelas,Puerto Rico,-66.725,18.065,5217.0,60.87,23.18,47.91,69.35,12.79,14.91,2.95,53.22,21.87,18.95,0.0,3.51,29.24,26.43,44.33,3.58,0.68,5.81,6.18,68.356550330251,18.30932095490716,1.0056771820309889,132.22707046714174,14342891,6241433,12369372,4128893,4787846,11381714,"rgb(127,39,4)","rgb(146,46,3)","rgb(146,46,3)","rgb(217,72,1)"
2020,72113,Ponce,Puerto Rico,-66.615,18.05,36399.0,65.67,13.47,48.67,62.87,13.82,17.73,5.58,51.38,18.36,20.8,0.7,7.91,30.87,22.06,47.07,5.6,0.61,0.22,0.31,22.113786910370585,18.40508462134497,0.9632918503769022,121.28968120190544,12369372,16579581,6967715,8420794,4787846,13356003,"rgb(146,46,3)","rgb(146,46,3)","rgb(166,54,3)","rgb(253,191,134)"
2020,72115,Quebradillas,Puerto Rico,-66.925,18.47,6844.0,50.0,13.16,42.2,62.05,18.53,15.71,3.71,48.99,23.74,14.5,0.71,5.55,29.98,26.22,43.8,4.29,12.43,11.88,32.26,7.207227138643068,19.91378821227684,1.067820324005891,100.05471014492753,10394312,7694254,11381714,6241433,14342891,6967715,"rgb(253,208,162)","rgb(127,39,4)","rgb(127,39,4)","rgb(255,237,220.5)"
2020,72117,Rincón,Puerto Rico,-67.23,18.335,4725.0,37.71,9.4,28.85,53.5,19.07,20.99,6.44,42.87,22.78,17.1,3.45,5.05,26.27,28.8,44.92,5.1,9.85,7.72,20.11,6.146616766467067,18.4230173367761,0.8975516749821811,140.2881818181818,6967715,6241433,15000560,7694254,12369372,4787846,"rgb(254,230,206)","rgb(146,46,3)","rgb(253,191,134)","rgb(146,46,3)"
2020,72119,Río Grande,Puerto Rico,-65.8,18.35,17271.0,35.7,11.41,27.56,51.96,19.51,24.09,4.43,43.11,22.12,19.7,1.91,4.35,32.17,21.65,46.18,8.11,2.25,8.3,15.45,11.323232262295084,17.953161121299452,0.9281446913580248,135.39963756419664,6967715,15724021,6241433,15724021,5515151,4128893,"rgb(229,88,10)","rgb(191,63,2)","rgb(229,88,10)","rgb(166,54,3)"
2020,72121,Sabana Grande,Puerto Rico,-66.94,18.075,6362.0,69.9,18.39,20.24,62.53,14.71,17.19,5.56,42.73,22.55,16.35,1.69,3.82,31.72,25.57,42.71,6.1,8.64,3.96,13.74,17.520595121951224,18.088934208192946,0.9624702639976792,123.71910820451843,6241433,6967715,10394312,11381714,11381714,15724021,"rgb(166,54,3)","rgb(166,54,3)","rgb(166,54,3)","rgb(253,157,83)"
2020,72123,Salinas,Puerto Rico,-66.25,18.01,8071.0,62.22,13.35,42.91,65.89,16.18,15.43,2.5,48.39,16.89,14.07,1.9,3.48,39.59,25.98,34.43,6.72,6.1,5.36,5.85,6.859682827892602,17.90941857600394,0.9783779051257562,123.28521118381916,10394312,9407425,11381714,13356003,9407425,11381714,"rgb(254,219,184)","rgb(191,63,2)","rgb(146,46,3)","rgb(253,157,83)"
2020,72125,San Germán,Puerto Rico,-67.035,18.105,7321.0,70.77,16.43,40.62,65.51,15.34,14.29,4.85,48.49,15.63,16.62,1.11,6.63,31.8,29.31,38.88,4.78,14.2,0.41,7.16,9.564099989200866,17.34426927993183,0.933408170776592,112.78349206349206,10394312,8420794,15724021,6967715,15724021,15724021,"rgb(253,141,60)","rgb(241,105,19)","rgb(229,88,10)","rgb(254,230,206)"
2020,72127,San Juan,Puerto Rico,-66.06,18.4,121294.0,55.66,12.28,41.82,50.43,13.3,20.92,15.35,30.85,21.79,23.57,4.28,15.82,21.71,17.11,61.18,9.49,1.43,0.02,0.53,10.350668902240988,16.93078501042259,0.9060548856548856,112.41579911209767,4787846,16579581,4128893,16119033,5515151,9407425,"rgb(247,123,39)","rgb(253,157,83)","rgb(253,157,83)","rgb(254,230,206)"
2020,72129,San Lorenzo,Puerto Rico,-65.97,18.16,10943.0,55.03,15.38,22.55,58.25,16.66,20.59,4.5,50.61,28.04,14.22,4.36,4.99,25.46,27.29,47.25,5.95,4.78,4.37,9.72,8.656875000000001,17.071516038696537,0.922715105162524,131.3694757536042,11381714,12369372,13356003,10394312,7694254,8420794,"rgb(253,191,134)","rgb(253,141,60)","rgb(241,105,19)","rgb(217,72,1)"
2020,72131,San Sebastián,Puerto Rico,-66.97,18.33,9141.0,65.6,21.92,37.97,64.85,15.88,16.18,3.1,55.31,21.17,15.13,1.15,4.53,27.0,32.18,40.82,4.65,9.46,6.22,22.3,9.063801821103375,16.853298084596968,0.9106816911901656,129.09899603698813,15000560,11381714,16119033,6241433,11381714,13356003,"rgb(253,157,83)","rgb(253,174,107)","rgb(253,141,60)","rgb(229,88,10)"
2020,72133,Santa Isabel,Puerto Rico,-66.385,17.99,8119.0,26.0,14.86,30.17,61.6,12.57,22.24,3.59,44.88,17.9,18.39,0.0,6.51,39.96,17.24,42.79,8.88,11.42,9.94,11.17,20.71522101277804,17.490528634361233,0.9271318879855466,135.37170967741935,7694254,9407425,4128893,16119033,13356003,4128893,"rgb(146,46,3)","rgb(229,88,10)","rgb(229,88,10)","rgb(191,63,2)"
2020,72135,Toa Alta,Puerto Rico,-66.24,18.36,27386.0,58.13,15.17,21.34,43.57,18.76,27.09,10.58,29.25,29.52,21.22,1.27,6.39,25.5,17.37,57.13,6.5,6.26,2.67,2.67,6.722239851343626,16.130448735382107,0.870254641155132,122.98543764523626,4128893,16119033,4787846,12369372,9407425,9407425,"rgb(254,219,184)","rgb(254,230,206)","rgb(254,230,206)","rgb(253,157,83)"
2020,72137,Toa Baja,Puerto Rico,-66.2,18.435,27208.0,48.5,13.54,30.76,51.2,16.31,25.42,7.07,35.47,27.81,19.75,4.63,6.53,27.36,18.56,54.09,7.74,6.66,2.48,4.06,35.14648688614938,17.02087619744951,0.8866228258535537,124.1965488810365,4787846,16119033,4787846,15000560,9407425,6241433,"rgb(127,39,4)","rgb(253,141,60)","rgb(254,219,184)","rgb(253,141,60)"
2020,72139,Trujillo Alto,Puerto Rico,-65.995,18.33,26806.0,55.58,10.22,19.93,39.25,16.71,31.4,12.64,28.32,24.81,25.61,0.7,10.22,24.28,15.07,60.65,7.81,0.34,1.42,5.45,9.00014247311828,16.317417285617825,0.8978147901399067,118.89050102249487,4128893,16119033,4128893,15000560,4128893,9407425,"rgb(253,157,83)","rgb(254,219,184)","rgb(253,174,107)","rgb(253,208,162)"
2020,72141,Utuado,Puerto Rico,-66.7,18.265,6053.0,67.09,18.53,39.91,70.49,13.9,12.91,2.69,52.21,25.08,15.59,3.26,3.7,28.0,27.62,44.38,7.15,12.47,0.4,14.71,9.289971521942112,19.45995918984281,1.0504953219592734,101.67233215547704,13356003,6967715,14342891,14342891,14342891,15000560,"rgb(253,157,83)","rgb(127,39,4)","rgb(127,39,4)","rgb(255,237,220.5)"
2020,72143,Vega Alta,Puerto Rico,-66.335,18.42,11029.0,61.52,10.17,25.7,59.38,12.6,19.72,8.3,44.66,22.62,15.14,11.99,7.85,28.42,25.97,45.6,5.73,9.06,3.93,10.13,8.795667107001321,15.715901262916187,0.881616690464858,138.62697802197803,7694254,13356003,11381714,9407425,11381714,11381714,"rgb(253,174,107)","rgb(255,237,220.5)","rgb(254,219,184)","rgb(146,46,3)"
2020,72145,Vega Baja,Puerto Rico,-66.4,18.42,15013.0,66.38,14.1,33.95,60.28,14.21,20.94,4.57,40.66,23.34,15.58,3.42,6.12,28.55,26.43,45.03,9.61,3.82,0.34,14.08,14.891131006248653,16.401774833243195,0.9137285007750794,134.3669915579432,6241433,15000560,12369372,16579581,6241433,14342891,"rgb(191,63,2)","rgb(254,219,184)","rgb(253,141,60)","rgb(191,63,2)"
2020,72147,Vieques,Puerto Rico,-65.44,18.13,2053.0,40.0,15.18,58.56,71.95,10.73,14.27,3.06,44.41,12.25,7.24,0.0,5.8,45.45,29.26,25.29,15.39,32.33,18.97,41.46,11.64725314183124,15.547959866220737,0.8553473804100228,138.0122085889571,6967715,4128893,15724021,16579581,16579581,4787846,"rgb(229,88,10)","rgb(255,237,220.5)","rgb(255,237,220.5)","rgb(146,46,3)"
2020,72149,Villalba,Puerto Rico,-66.475,18.13,6506.0,58.64,11.55,45.65,62.41,18.81,14.93,3.85,56.33,21.34,16.04,2.04,3.7,37.38,21.54,41.08,3.46,9.82,4.46,8.9,65.61974943734016,17.770618427399903,0.9656462395543176,119.268646373057,16119033,7694254,6241433,4128893,12369372,10394312,"rgb(127,39,4)","rgb(217,72,1)","rgb(146,46,3)","rgb(253,208,162)"
2020,72151,Yabucoa,Puerto Rico,-65.89,18.07,8644.0,58.6,16.38,39.69,65.98,13.71,16.54,3.76,56.7,28.35,15.03,1.22,2.61,25.87,28.14,45.99,5.57,12.46,4.22,15.13,5.214727223131479,17.368220636993872,0.8874860724233984,113.90920767306088,16119033,10394312,14342891,8420794,14342891,10394312,"rgb(255,237,220.5)","rgb(241,105,19)","rgb(253,208,162)","rgb(254,219,184)"
2020,72153,Yauco,Puerto Rico,-66.855,18.08,8856.0,54.49,22.1,31.52,64.33,18.34,13.93,3.4,51.12,16.71,18.94,0.0,5.43,34.68,24.25,41.08,5.94,3.43,0.5,14.97,17.469245297805642,17.90771610394202,0.9605585700606448,124.05509366636932,12369372,10394312,9407425,10394312,6241433,8420794,"rgb(191,63,2)","rgb(191,63,2)","rgb(166,54,3)","rgb(253,157,83)"
